bucket,count,mean_iat,std_iat,source,anomaly_score
1970-01-01 00:00:01,3597,5.227308120133481e-07,2.0485302735988507e-05,network,0.4269477836671645
2025-11-02 17:59:10+05:30,1,,,database,0.6564940040068385
2025-11-02 18:03:54+05:30,3,94.448,163.58440456534967,database,0.9042667422755745
2025-11-02 18:08:51+05:30,1,297.731,,database,0.8836902220380097
2025-11-02 18:08:52+05:30,1,0.327,,database,0.9919142220139087
2025-11-02 18:09:10+05:30,1,18.659,,database,0.9839946759567167
2025-11-02 18:09:18+05:30,2,3.6365000000000003,5.089047504199583,database,0.9992290870080818
2025-11-02 18:10:04+05:30,2,23.413,33.09118314596805,database,0.9809887575479412
2025-11-02 18:10:46+05:30,3,14.022333333333334,24.24842350202036,database,0.9643532106239117
2025-11-02 18:10:57+05:30,2,5.295999999999999,7.438763338082479,database,0.9973732679396031
2025-11-02 18:11:07+05:30,2,4.999,7.058339889804118,database,0.9971393522494303
2025-11-02 18:22:28+05:30,4,170.266,340.50600042290006,database,0.8454866966898268
2025-11-02 18:23:22+05:30,1,53.838,,database,0.9644985947896174
2025-11-02 18:23:40+05:30,1,18.159,,database,0.9842010163696568
2025-11-02 18:23:44+05:30,1,3.875,,database,0.9907556508594331
2025-11-02 18:24:59+05:30,1,75.053,,database,0.9546287612484822
2025-11-02 18:25:27+05:30,1,28.473,,database,0.9788617955699165
2025-11-02 20:22:46+05:30,3,2346.019,4063.4215054459955,database,0.40818975315415074
2025-11-02 20:24:18+05:30,2,45.991,65.01139746229117,database,0.961263601624784
2025-11-02 20:30:23+05:30,1,365.832,,database,0.8666948037116934
2025-11-02 20:30:27+05:30,1,3.628,,database,0.9910682710280336
2025-11-02 21:08:51+05:30,2,1152.192,1629.380499033912,database,0.43917394029809875
2025-11-02 21:11:51+05:30,2,89.9935,127.26861401186075,database,0.9318456549682818
2025-11-02 21:12:11+05:30,1,19.857,,database,0.9842913956479943
2025-11-02 21:12:12+05:30,1,1.109,,database,0.994262668741047
2025-11-02 21:12:29+05:30,1,16.463,,database,0.9837004224954002
2025-11-02 21:12:49+05:30,2,9.939,14.054454382863819,database,0.9933180721899842
2025-11-02 21:13:39+05:30,2,25.337,35.83192902984711,database,0.9786596326977378
2025-11-02 21:14:03+05:30,1,23.953,,database,0.9822050584591722
2025-11-02 21:16:12+05:30,2,64.57799999999999,91.32284079024261,database,0.9455758891217713
2025-11-02 21:16:38+05:30,2,12.718,17.93364218445322,database,0.9895140331832581
2025-11-02 21:17:11+05:30,1,33.501,,database,0.9771302476618393
2025-11-02 21:17:12+05:30,1,0.861,,database,0.9941087672894683
2025-11-02 21:18:45+05:30,2,46.269,65.43141889031598,database,0.9610392071667567
2025-11-02 21:19:29+05:30,2,22.211,31.357357318498636,database,0.9829685832231888
2025-11-02 21:19:43+05:30,2,6.87,9.660492844570612,database,0.9973850884968504
2025-11-02 21:19:49+05:30,2,3.1904999999999997,4.495077808002883,database,0.9994136959416101
2025-11-02 21:19:58+05:30,2,4.159,5.873228924535463,database,0.9988521337282553
2025-11-02 21:20:05+05:30,2,3.556,4.920048983495998,database,0.9990821750622034
2025-11-02 21:20:20+05:30,2,7.7655,10.928335303238091,database,0.9963896121678278
2025-11-02 21:20:29+05:30,2,4.212,5.951010670465984,database,0.9986165857457466
2025-11-02 21:20:40+05:30,2,5.407500000000001,7.640288770720646,database,0.9978956103155663
2025-11-02 21:20:47+05:30,2,3.7704999999999997,5.325221169115889,database,0.9991574865094602
2025-11-02 21:20:56+05:30,2,4.343999999999999,6.137686860699232,database,0.9986452119141819
2025-11-02 21:21:51+05:30,2,27.642500000000002,39.003302943468775,database,0.9764325949256781
2025-11-02 21:22:01+05:30,2,5.219,7.3185551852807675,database,0.9973731706130384
2025-11-02 21:22:11+05:30,1,9.763,,database,0.9898161682212381
2025-11-02 21:22:12+05:30,1,1.091,,database,0.9941352463971903
2025-11-02 21:27:54+05:30,2,170.881,241.65232825694022,database,0.8991885839385819
2025-11-02 21:28:29+05:30,2,17.666500000000003,24.98137547253954,database,0.9831290242577789
2025-11-02 21:29:14+05:30,2,22.107,31.230078097885055,database,0.9825853593878707
2025-11-02 21:29:20+05:30,2,3.251,4.582051942088827,database,0.9994137692023185
2025-11-02 21:29:27+05:30,2,3.4034999999999997,4.799133723913098,database,0.9991932680137596
2025-11-02 21:29:53+05:30,2,12.924,18.27729608010988,database,0.9891092422824729
2025-11-02 21:30:05+05:30,2,6.1659999999999995,8.71862661203013,database,0.9970854416623706
2025-11-02 21:30:14+05:30,2,4.386,6.202740684568395,database,0.9986452648503722
2025-11-02 21:30:22+05:30,2,4.172,5.900098982220552,database,0.9988299901435074
2025-11-02 21:30:29+05:30,2,3.468,4.90307842074752,database,0.9990821199855869
2025-11-02 21:30:35+05:30,2,2.9124999999999996,4.113240146162147,database,0.9988884800300681
2025-11-02 21:30:52+05:30,2,8.5555,12.015865532703002,database,0.9952132812530118
2025-11-02 21:30:59+05:30,2,3.467,4.9016642071851475,database,0.9990821187862341
2025-11-02 21:32:21+05:30,2,40.8495,57.75294635341127,database,0.9655660098647095
2025-11-02 21:32:26+05:30,1,5.07,,database,0.9909844587937435
2025-11-02 21:32:28+05:30,2,1.032,1.441083620058184,database,0.9967522042950389
2025-11-02 21:32:30+05:30,1,1.765,,database,0.6582526747184385
2025-11-02 21:36:46+05:30,2,128.25300000000001,181.37147516078707,database,0.9160384941002816
2025-11-02 21:37:06+05:30,2,10.0105,14.155570652573495,database,0.9931255628758547
2025-11-02 21:37:26+05:30,1,19.457,,database,0.9842911866299225
2025-11-02 21:37:27+05:30,1,1.415,,database,0.9922813868594692
2025-11-02 21:37:29+05:30,2,1.1245,1.5902831508885455,database,0.9967523244265767
2025-11-02 21:37:44+05:30,2,7.173,10.141325455777464,database,0.9970379034007492
2025-11-02 21:38:31+05:30,2,23.441,33.149165902025345,database,0.9809887980706579
2025-11-02 21:38:49+05:30,2,9.0015,12.720143886764802,database,0.9944764222054355
2025-11-02 21:40:44+05:30,2,57.647,81.5251692301218,database,0.9512140908817736
2025-11-02 21:41:15+05:30,2,15.701,22.20456714281997,database,0.985036806717504
2025-11-02 21:41:24+05:30,2,4.555499999999999,6.441035669828261,database,0.9982608810446237
2025-11-02 21:41:44+05:30,2,9.884500000000001,13.977379743714486,database,0.9933180076370359
2025-11-02 21:42:00+05:30,2,7.8740000000000006,11.081777474755574,database,0.9963897412123218
2025-11-02 21:43:52+05:30,2,56.270500000000006,79.53466364108168,database,0.9517828683620039
2025-11-02 21:44:15+05:30,2,11.2575,15.872425917294432,database,0.9922001651224815
2025-11-02 21:52:45+05:30,2,255.21249999999998,360.92356457358113,database,0.8630533542409305
2025-11-02 21:52:55+05:30,2,4.768,6.742970265394917,database,0.9983053254406428
2025-11-02 21:53:18+05:30,2,11.336,16.030110729499032,database,0.9921358815739133
2025-11-02 21:53:58+05:30,2,20.4755,28.956729796370308,database,0.9820492926237362
2025-11-02 21:54:54+05:30,2,27.9785,39.56615994129327,database,0.9752917642894303
2025-11-02 21:55:01+05:30,2,3.142,4.443459012976264,database,0.9994136457124
2025-11-02 21:55:07+05:30,2,3.3505000000000003,4.736908327168682,database,0.9993926922832027
2025-11-02 22:02:34+05:30,2,223.51549999999997,316.09723728704114,database,0.8723401019712465
2025-11-02 22:02:51+05:30,2,8.3125,11.755650237226353,database,0.9951968586929801
2025-11-02 22:02:58+05:30,2,3.422,4.804083471381404,database,0.9992990921680048
2025-11-02 22:03:04+05:30,2,3.2025,4.529018933499837,database,0.9994137183144325
2025-11-02 22:03:18+05:30,2,6.6049999999999995,9.289968891228861,database,0.9974016722060183
2025-11-02 22:03:25+05:30,2,3.9019999999999997,5.512604466130324,database,0.9992143166769217
2025-11-02 22:03:34+05:30,1,9.146,,database,0.9894567209427209
2025-11-02 22:03:35+05:30,1,0.011,,database,0.6564940099251947
2025-11-02 22:03:42+05:30,2,3.8314999999999997,5.374718643798947,database,0.9992513727343453
2025-11-02 22:03:53+05:30,2,5.3134999999999994,7.513009550107067,database,0.9978621991649014
2025-11-02 22:04:07+05:30,2,7.199,10.180923435523912,database,0.9970379356769831
2025-11-02 22:04:17+05:30,2,5.085500000000001,7.1849120036365095,database,0.9971928602916083
2025-11-02 22:04:22+05:30,2,2.3985000000000003,3.390577015789496,database,0.9972441538885839
2025-11-02 22:04:30+05:30,2,3.821,5.379668391267254,database,0.999251369438101
2025-11-02 22:04:40+05:30,2,5.3355,7.539879607792157,database,0.9977075592679393
2025-11-02 22:04:47+05:30,2,3.2880000000000003,4.648519979520364,database,0.9996935648677062
2025-11-02 22:04:53+05:30,2,2.882,4.074349273196886,database,0.9987476731041367
2025-11-02 22:05:07+05:30,2,7.065,9.988590391041171,database,0.9970632416665056
2025-11-02 22:05:14+05:30,2,3.33,4.707916949140033,database,0.9992687246823589
2025-11-02 22:05:21+05:30,2,3.938,5.5677587950628755,database,0.9992143618059375
2025-11-02 22:05:55+05:30,1,33.84,,database,0.9771304210605004
2025-11-02 22:05:58+05:30,1,2.611,,database,0.6574031212492049
2025-11-02 22:07:26+05:30,2,43.903000000000006,62.086803815303625,database,0.9624080795630209
2025-11-02 22:07:38+05:30,2,6.0265,8.522758033641459,database,0.997666998018753
2025-11-02 22:07:49+05:30,2,5.779,8.171325963391743,database,0.9977369955378846
2025-11-02 22:08:13+05:30,2,12.024000000000001,17.003089660411725,database,0.9909971637091646
2025-11-02 22:08:21+05:30,2,3.755,5.310371926710972,database,0.9992993656646888
2025-11-02 22:08:29+05:30,2,4.223999999999999,5.972223873901579,database,0.9986166021057002
2025-11-02 22:08:37+05:30,2,3.7555,5.311079033492159,database,0.9992993662640318
2025-11-02 22:08:45+05:30,2,4.040500000000001,5.647661861336955,database,0.9991350475057734
2025-11-02 22:08:50+05:30,2,2.623,3.7094821741046284,database,0.9980398892393497
2025-11-02 22:08:57+05:30,2,3.6054999999999997,5.059349019389748,database,0.9992290564756513
2025-11-02 22:09:04+05:30,2,3.1719999999999997,4.475985924910845,database,0.9994136770633228
2025-11-02 22:09:11+05:30,2,3.5734999999999997,4.998537836207705,database,0.9990360152371878
2025-11-02 22:10:55+05:30,1,104.108,,database,0.9433423990436283
2025-11-02 22:10:58+05:30,1,3.077,,database,0.6573267202396226
2025-11-02 22:15:41+05:30,2,141.485,200.0871774452326,database,0.9134422338387441
2025-11-02 22:16:06+05:30,1,25.349,,database,0.9812844053255739
2025-11-02 22:16:40+05:30,2,16.6125,23.43846847599049,database,0.9846829816595312
2025-11-02 22:16:53+05:30,1,12.897,,database,0.9871102339485036
2025-11-02 22:17:17+05:30,2,12.252,17.27603287794973,database,0.9897179359178163
2025-11-02 22:18:02+05:30,2,22.34,31.541205081607142,database,0.9829687329739373
2025-11-02 22:18:30+05:30,2,14.3065,20.223961048716447,database,0.9867380849816199
2025-11-02 22:18:40+05:30,2,4.8455,6.852571816478832,database,0.9977321688554633
2025-11-02 22:21:03+05:30,1,143.099,,database,0.928230165973246
2025-11-02 22:21:04+05:30,1,1.166,,database,0.9942446951238447
2025-11-02 22:27:23+05:30,2,189.27450000000002,267.67173648426166,database,0.8876307668302109
2025-11-02 22:27:35+05:30,2,6.205,8.773780940962682,database,0.9971482097908461
2025-11-02 22:27:46+05:30,2,5.251,7.426035416021123,database,0.9973732379598479
2025-11-02 22:27:58+05:30,2,5.9705,8.443562074148565,database,0.9977041478386598
2025-11-02 22:28:17+05:30,1,19.774,,database,0.9842913522871126
2025-11-02 22:28:18+05:30,1,0.05,,database,0.6565592049120943
2025-11-02 22:31:03+05:30,1,165.846,,database,0.9166192398178373
2025-11-02 22:31:04+05:30,1,0.555,,database,0.9930442298129641
2025-11-02 22:31:33+05:30,2,14.3605,20.300328581084592,database,0.9867381483908452
2025-11-02 22:31:40+05:30,2,3.551,4.969546458179057,database,0.9990359895832
2025-11-02 22:31:45+05:30,2,2.8655,3.912421820305167,database,0.9986005778620468
2025-11-02 22:32:19+05:30,2,16.5625,23.31543189606403,database,0.984682899380624
2025-11-02 22:32:30+05:30,2,5.927499999999999,8.381336677404146,database,0.9977040958529879
2025-11-02 22:32:36+05:30,2,2.5855,3.6550349519532643,database,0.9978831043071685
2025-11-02 22:32:43+05:30,2,3.464,4.897421566498028,database,0.9990821151881621
2025-11-02 22:34:26+05:30,2,51.7425,73.1735310375275,database,0.9578524943329537
2025-11-02 22:34:33+05:30,2,3.4530000000000003,4.881865217311924,database,0.9990821019950533
2025-11-02 22:35:36+05:30,2,31.4545,44.48196628410214,database,0.973363682130772
2025-11-02 22:35:50+05:30,2,6.8365,9.659785737789425,database,0.9975285302283701
2025-11-02 22:36:03+05:30,2,6.7915,9.392499374500911,database,0.9972402440951166
2025-11-02 22:36:05+05:30,2,1.0505,1.478560279461071,database,0.9967522319289497
2025-11-02 22:36:14+05:30,2,4.614,6.520938736102341,database,0.9982609497312409
2025-11-02 22:36:23+05:30,2,4.061999999999999,5.69362380211408,database,0.9991350805588827
2025-11-02 22:36:28+05:30,2,2.9429999999999996,4.111118825818587,database,0.9988884953740422
2025-11-02 22:36:37+05:30,2,4.336,6.115059443701264,database,0.9986451970341507
2025-11-02 22:36:46+05:30,2,4.6545000000000005,6.5753859582537055,database,0.9983051863297424
2025-11-02 22:36:53+05:30,2,3.5065,4.957525642898885,database,0.99903596011832
2025-11-02 22:37:00+05:30,2,3.2135,4.5445752826859405,database,0.9994137315138931
2025-11-02 22:37:12+05:30,2,6.319,8.935001287073215,database,0.9972110461647544
2025-11-02 22:37:19+05:30,2,3.017,4.266682317679628,database,0.9988886081430818
2025-11-02 22:37:26+05:30,2,3.5475,5.014094185393809,database,0.9992290041864947
2025-11-02 22:37:32+05:30,4,1.5457500000000002,3.0908333692819268,database,0.9583740267068999
2025-11-02 22:37:43+05:30,2,5.4879999999999995,7.759789816741172,database,0.9974473242494083
2025-11-02 22:37:59+05:30,2,7.988,11.296737936236283,database,0.9958212995472243
2025-11-02 22:39:55+05:30,4,29.1605,58.289669893844255,database,0.9248487006989722
2025-11-02 22:40:18+05:30,1,22.641,,database,0.9827540207492239
2025-11-02 22:41:03+05:30,1,45.117,,database,0.9698692754054846
2025-11-02 22:41:06+05:30,1,2.634,,database,0.6574031335765151
2025-11-03 13:18:05+05:30,3,17539.571333333333,30379.42696026114,database,0.13387744980058477
2025-11-03 13:33:20+05:30,2,457.733,647.2827190710409,database,0.8191009582752771
2025-11-03 13:33:40+05:30,2,10.253,14.480132665138122,database,0.9923049742279247
2025-11-03 13:33:59+05:30,2,9.07,12.81560330222499,database,0.9944765028247519
2025-11-03 13:34:52+05:30,2,26.826,37.9348645970959,database,0.976265939480105
2025-11-03 13:35:01+05:30,2,4.3255,6.11576655048245,database,0.9986451917511664
2025-11-03 13:35:09+05:30,1,8.217,,database,0.9908868480420332
2025-11-03 13:35:12+05:30,3,1.0783333333333334,1.458512369962399,database,0.976687789283071
2025-11-03 13:36:02+05:30,2,24.624000000000002,34.81228105137611,database,0.9801402076025097
2025-11-03 13:36:45+05:30,2,21.447,30.324981417966274,database,0.9826916528012585
2025-11-03 13:37:06+05:30,2,10.602500000000001,14.984299800124129,database,0.9919988263405028
2025-11-03 13:37:34+05:30,2,14.1685,20.035870644920823,database,0.9870031727087024
2025-11-03 13:37:49+05:30,2,7.683,10.851260664088759,database,0.9966528158745923
2025-11-03 13:40:09+05:30,1,140.028,,database,0.92824405373293
2025-11-03 13:40:10+05:30,1,0.24,,database,0.991029682772708
2025-11-03 13:41:48+05:30,12,8.2145,28.27139502137356,database,0.8587826706349674
2025-11-03 13:41:49+05:30,10,0.1145,0.1375162616646563,database,0.9193284493376649
2025-11-03 13:41:50+05:30,10,0.0974,0.08277707680538401,database,0.9247593820589946
2025-11-03 13:41:51+05:30,10,0.1058,0.09865968443763305,database,0.9246515851135495
2025-11-03 13:41:52+05:30,10,0.0975,0.08378842402146015,database,0.9249622130355718
2025-11-03 13:41:53+05:30,10,0.1062,0.10545541448614407,database,0.9245643398340104
2025-11-03 13:41:54+05:30,10,0.0948,0.08365776845112606,database,0.9241785120040081
2025-11-03 13:41:55+05:30,10,0.1026,0.07091653936533814,database,0.9231941900329931
2025-11-03 13:41:56+05:30,10,0.10189999999999999,0.1319885937832845,database,0.9233165419292977
2025-11-03 13:41:57+05:30,10,0.0864,0.07945676672114074,database,0.9208834256946431
2025-11-03 13:47:03+05:30,2,152.65699999999998,215.88535715050244,database,0.9091256291818265
2025-11-03 13:47:10+05:30,2,3.559,5.026115000673981,database,0.999229015985231
2025-11-03 13:47:17+05:30,2,3.678,5.198649055283497,database,0.9992992720316313
2025-11-03 13:47:25+05:30,2,3.9739999999999998,5.617256269745933,database,0.9991349976731558
2025-11-03 13:47:33+05:30,2,4.1885,5.910705583938351,database,0.9988300039396557
2025-11-03 13:47:40+05:30,2,3.285,4.634377843896632,database,0.9996935566184578
2025-11-03 13:47:48+05:30,2,3.9365,5.562809047594569,database,0.9992143586819987
2025-11-03 13:47:56+05:30,2,4.084,5.769991334482228,database,0.9990035825175528
2025-11-03 13:48:09+05:30,2,6.433000000000001,9.090564778934256,database,0.9976936613857778
2025-11-03 13:48:15+05:30,2,2.9505,4.168394475094698,database,0.9988885263175139
2025-11-03 13:48:21+05:30,1,6.296,,database,0.991825627252492
2025-11-03 13:48:27+05:30,2,3.0645000000000002,4.275874705835053,database,0.9991961607891381
2025-11-03 13:48:46+05:30,3,6.282,10.785615559623846,database,0.9742470411730758
2025-11-03 13:48:47+05:30,1,0.641,,database,0.9926934532468623
2025-11-03 13:48:48+05:30,4,0.35775,0.38595541625080654,database,0.9608878599772126
2025-11-03 13:48:49+05:30,1,1.191,,database,0.9942447085515441
2025-11-03 13:48:50+05:30,2,0.493,0.49073210614346396,database,0.997250949595618
2025-11-03 13:48:51+05:30,3,0.307,0.20802163349036562,database,0.9775361417772972
2025-11-03 13:48:52+05:30,1,0.914,,database,0.994191380632814
2025-11-03 13:48:53+05:30,2,0.44899999999999995,0.032526911934581154,database,0.99840490074314
2025-11-03 13:48:54+05:30,2,0.484,0.134350288425444,database,0.9976232644303522
2025-11-03 13:48:55+05:30,3,0.4473333333333333,0.11357963432470336,database,0.9783042081640746
2025-11-03 13:49:49+05:30,2,26.9725,38.14487531110831,database,0.976372475461995
2025-11-03 13:50:09+05:30,2,10.013499999999999,13.324013077898114,database,0.993638919331473
2025-11-03 13:50:48+05:30,2,19.256,27.230682143493947,database,0.9821407603684422
2025-11-03 13:51:44+05:30,2,27.9335,39.50393454454885,database,0.9756710153775163
2025-11-03 13:51:51+05:30,2,3.697,5.228347540093332,database,0.9992992961369739
2025-11-03 13:52:09+05:30,2,8.815000000000001,12.464878338756462,database,0.9952258275530995
2025-11-03 13:52:54+05:30,2,22.379,31.641614244535628,database,0.9829687983643861
2025-11-03 13:52:58+05:30,2,2.263,3.0759144981614814,database,0.9969012228215689
2025-11-03 13:53:09+05:30,2,5.3025,7.496038987358591,database,0.9978621853576507
2025-11-03 13:53:23+05:30,2,7.3,10.309616869699862,database,0.9969556766487724
2025-11-03 13:53:32+05:30,2,4.4255,6.251531052470266,database,0.9978494503907561
2025-11-03 13:53:44+05:30,2,5.838,8.24769349575989,database,0.9974269780723501
2025-11-03 13:53:50+05:30,2,2.968,4.184657931061988,database,0.9988885433381959
2025-11-03 13:53:58+05:30,2,4.140000000000001,5.847773080412749,database,0.9990036489351843
2025-11-03 13:54:04+05:30,1,5.569,,database,0.9924149471779066
2025-11-03 13:54:44+05:30,1,40.515,,database,0.973004895576001
2025-11-03 13:55:09+05:30,1,25.356,,database,0.9812844089519684
2025-11-03 13:55:12+05:30,1,2.971,,database,0.6576641836939302
2025-11-03 13:55:25+05:30,2,6.4695,9.146426214647992,database,0.9974015330672286
2025-11-03 13:55:33+05:30,2,3.994,5.648368968118142,database,0.9991350229627232
2025-11-03 13:55:42+05:30,2,4.415500000000001,6.237388916846537,database,0.998113713149862
2025-11-03 13:55:48+05:30,2,2.7975000000000003,3.9548482271763605,database,0.9987024804771419
2025-11-03 13:55:59+05:30,2,5.5395,7.8269649609538945,database,0.9979643689841454
2025-11-03 13:56:14+05:30,2,7.459,10.547204748178542,database,0.9971701102429945
2025-11-03 13:56:30+05:30,2,8.033999999999999,11.35047805160646,database,0.9957675501365276
2025-11-03 13:56:40+05:30,2,5.2455,7.41825724142807,database,0.9973732313860536
2025-11-03 13:56:44+05:30,2,1.9515,2.759837766971095,database,0.9961773315076828
2025-11-03 13:58:10+05:30,2,42.6855,60.35934194886488,database,0.9648985549079258
2025-11-03 13:58:16+05:30,1,5.931,,database,0.9918365286104244
2025-11-03 13:58:23+05:30,2,3.6915,5.217740938375535,database,0.999299288216135
2025-11-03 13:58:38+05:30,2,7.728,10.927628196456904,database,0.9963895918867695
2025-11-03 13:58:46+05:30,2,3.777,5.330170916584196,database,0.9991574923101266
2025-11-03 14:00:09+05:30,1,83.573,,database,0.9534964675515868
2025-11-03 14:00:12+05:30,1,2.744,,database,0.6572733927116658
2025-11-03 14:00:30+05:30,2,9.056500000000002,12.797925632695325,database,0.9944764874633422
2025-11-03 14:00:36+05:30,2,3.0715,4.338100102579469,database,0.9994135584409528
2025-11-03 14:00:42+05:30,2,2.859,4.033337079888067,database,0.9987476414976969
2025-11-03 14:00:48+05:30,2,2.864,4.044650788387052,database,0.9987476494962891
2025-11-03 14:00:55+05:30,2,3.7699999999999996,5.325928275897075,database,0.9991574865736602
2025-11-03 14:01:02+05:30,2,3.102,4.381233616231849,database,0.9994135950481926
2025-11-03 14:01:09+05:30,2,3.863,5.450379069385908,database,0.9991946065545868
2025-11-03 14:01:15+05:30,2,2.863,4.020609157826709,database,0.9987476376565264
2025-11-03 14:01:37+05:30,2,10.815,15.294719677065022,database,0.9922717400269893
2025-11-03 14:01:43+05:30,2,2.9850000000000003,4.220013270121316,database,0.9988885690646087
2025-11-03 14:01:48+05:30,2,2.823,3.9909106730168737,database,0.9987025110993738
2025-11-03 14:01:56+05:30,2,3.655,5.15905107553705,database,0.9992992411385292
2025-11-03 14:02:22+05:30,2,12.9535,18.317601166637512,database,0.9888773480530713
2025-11-03 14:02:28+05:30,2,3.373,4.768728132322077,database,0.9993927192741384
2025-11-03 14:02:36+05:30,2,4.015499999999999,5.668875064772551,database,0.9991350440800272
2025-11-03 14:02:42+05:30,2,2.9155,4.11465435972452,database,0.9988884823022856
2025-11-03 14:02:49+05:30,2,3.3874999999999997,4.780748947602247,database,0.9993927326829701
2025-11-03 14:03:04+05:30,2,7.445499999999999,10.518213370149894,database,0.9971700895709897
2025-11-03 14:03:10+05:30,2,2.8655,4.049600535855358,database,0.9987476526272553
2025-11-03 14:03:26+05:30,2,8.133500000000002,11.492606514624958,database,0.9954592568079854
2025-11-03 14:03:33+05:30,2,3.5585,5.022579466768047,database,0.9992290140579417
2025-11-03 14:03:43+05:30,2,5.159,7.2902709140333055,database,0.99725711150756
2025-11-03 14:04:16+05:30,2,16.2565,22.99016277671822,database,0.9848052357049523
2025-11-03 14:04:20+05:30,2,2.264,3.201779505212687,database,0.9965780099809973
2025-11-03 14:04:32+05:30,2,5.978,8.454168675866361,database,0.9977041567903392
2025-11-03 14:05:00+05:30,1,28.181,,database,0.979190598676201
2025-11-03 14:05:09+05:30,1,8.837,,database,0.9900633360744636
2025-11-03 14:05:13+05:30,1,3.356,,database,0.6574952980289016
2025-11-03 14:06:01+05:30,3,16.27,28.178734606081946,database,0.9587599674485583
2025-11-03 14:06:06+05:30,4,1.196,2.389333519345231,database,0.958817117258545
2025-11-03 14:06:15+05:30,4,2.1632499999999997,4.323833436122781,database,0.6246969242294395
2025-11-03 14:06:21+05:30,1,6.216,,database,0.9917610635292052
2025-11-05 12:28:16+05:30,6,27819.16083333333,68142.73784643292,database,0.03149856842678944
2025-11-05 12:28:18+05:30,7,0.3172857142857143,0.8126413137183618,database,0.9304263105498013
2025-11-05 12:30:08+05:30,3,36.522666666666666,63.255650224571504,database,0.9442158632368368
2025-11-05 12:32:32+05:30,1,144.098,,database,0.9265007875652486
2025-11-05 13:00:32+05:30,7,240.00785714285715,634.962298456223,database,0.8011566215302163
2025-11-05 13:01:09+05:30,7,5.214428571428571,13.782412559214041,database,0.9141076259554165
2025-11-05 13:03:45+05:30,3,52.078333333333326,90.19798921446827,database,0.9321353538521455
2025-11-05 13:06:09+05:30,2,72.009,101.57306069032279,database,0.9379988449459646
2025-11-05 15:13:40+05:30,1,7651.496,,database,0.41565278696212626
2025-11-05 15:17:41+05:30,3,80.08533333333334,138.7110002499201,database,0.9112079181899171
2025-11-05 15:17:47+05:30,2,3.4565,4.834489062972426,database,0.999299124916495
2025-11-05 15:18:08+05:30,1,20.819,,database,0.983645104528145
2025-11-05 15:18:27+05:30,3,6.282333333333334,10.880454509501583,database,0.9739628092878924
2025-11-05 15:18:39+05:30,2,5.802,8.162840682017505,database,0.9977370038474137
2025-11-05 15:19:05+05:30,1,26.631,,database,0.9796256904562958
2025-11-05 15:19:06+05:30,11,0.10336363636363637,0.1432056372684209,database,0.9089369099803895
2025-11-05 15:19:07+05:30,9,0.07055555555555555,0.046936422720290236,database,0.9134295559930609
2025-11-05 15:19:08+05:30,11,0.12236363636363637,0.145192474135041,database,0.9062914175512485
2025-11-05 15:19:09+05:30,9,0.07200000000000001,0.07664528687401463,database,0.9165292366238319
2025-11-05 15:19:10+05:30,10,0.1014,0.12282797365059439,database,0.9239337505354825
2025-11-05 15:19:11+05:30,11,0.12209090909090908,0.14379530906497234,database,0.906571609909499
2025-11-05 15:19:12+05:30,12,0.08316666666666667,0.06594327222329167,database,0.8918638508015214
2025-11-05 15:19:13+05:30,7,0.094,0.08124448699245178,database,0.9350532984383229
2025-11-05 15:19:14+05:30,10,0.0883,0.1077940938394431,database,0.9218874946885597
2025-11-05 15:19:15+05:30,10,0.11340000000000001,0.15827556841014837,database,0.9182329749609218
2025-11-05 15:19:29+05:30,4,3.5505,7.09633410055267,database,0.956223235825932
2025-11-05 15:42:46+05:30,3,465.5826666666667,806.4119677648226,database,0.4721982674093219
2025-11-05 15:42:51+05:30,2,2.3314999999999997,3.268954649425409,database,0.9974788803272943
2025-11-05 15:48:24+05:30,2,166.75,235.79041304090376,database,0.9010099794182732
2025-11-05 15:48:34+05:30,2,4.805499999999999,6.794589060421535,database,0.9982443157059642
2025-11-05 15:48:40+05:30,1,5.785,,database,0.9921091827067156
2025-11-05 15:48:45+05:30,4,1.35575,2.710833374321139,database,0.958014202372555
2025-11-05 15:48:53+05:30,3,2.521,4.364768035073571,database,0.9767155362707758
2025-11-05 15:48:58+05:30,1,5.584,,database,0.9924149551825372
2025-11-05 15:49:23+05:30,7,3.5925714285714285,9.480801141555196,database,0.9203279047234214
2025-11-05 15:49:25+05:30,7,0.22242857142857142,0.5520612457396544,database,0.9312161994518483
2025-11-05 15:54:25+05:30,2,150.0395,212.14264095768206,database,0.9113998243563097
2025-11-05 15:55:22+05:30,3,19.118,33.112481317473026,database,0.9571894760358566
2025-11-05 15:55:32+05:30,2,4.998,7.049854608429879,database,0.9971393477453683
2025-11-05 15:56:59+05:30,1,86.944,,database,0.9519820173686325
2025-11-05 15:58:20+05:30,3,27.032666666666668,46.82108610800622,database,0.9501539601295486
2025-11-05 15:58:27+05:30,1,6.983,,database,0.991941097308008
2025-11-05 15:58:33+05:30,3,1.851333333333333,3.2048713442716124,database,0.9756619916614045
2025-11-05 15:58:40+05:30,1,7.52,,database,0.9915914952461744
2025-11-05 15:58:46+05:30,3,1.8943333333333332,3.279349681466332,database,0.9761746457204469
2025-11-05 15:58:52+05:30,1,6.34,,database,0.9918256507070301
2025-11-05 15:59:00+05:30,3,2.4836666666666667,4.300104921200567,database,0.9765534105201046
2025-11-05 15:59:25+05:30,2,12.683499999999999,17.647263938072665,database,0.98982265137098
2025-11-05 16:00:01+05:30,1,36.047,,database,0.9764916806992869
2025-11-05 16:06:23+05:30,3,127.12866666666666,220.1924437403185,database,0.886772946919899
2025-11-05 16:06:41+05:30,1,18.222,,database,0.9839944471854992
2025-11-05 16:07:59+05:30,7,11.216571428571427,29.601779956939204,database,0.9005833293646021
2025-11-05 16:08:24+05:30,7,3.470857142857143,9.163184661615041,database,0.5876618987168687
2025-11-05 16:08:39+05:30,3,4.944,8.562393181815466,database,0.9741134319076276
2025-11-05 16:08:43+05:30,1,4.206,,database,0.990580163142074
2025-11-05 16:08:48+05:30,3,1.7373333333333336,3.008283619164479,database,0.9754517973376631
2025-11-05 16:09:08+05:30,8,2.559,7.22380592208844,database,0.575208668914704
2025-11-05 16:09:09+05:30,1,0.017,,database,0.656559187157754
2025-11-24 11:30:14+05:30,7,232123.67285714284,614141.4893020279,database,0.0
2025-11-24 11:33:27+05:30,3,64.37166666666667,111.4785431566691,database,0.9209214428124897
2025-11-24 11:33:34+05:30,1,6.618,,database,0.9918553290685622
2025-11-24 11:33:37+05:30,3,1.1039999999999999,1.9113181315521495,database,0.9770762122233524
2025-11-24 11:34:53+05:30,2,37.6775,53.19776446900753,database,0.9687216828975379
2025-11-24 11:35:14+05:30,2,10.8475,15.281284648222478,database,0.9919269142315174
2025-11-24 11:38:24+05:30,2,94.605,133.79025985474428,database,0.9318089057028253
2025-11-24 11:38:28+05:30,1,4.774,,database,0.9908554718819443
2025-11-24 11:38:29+05:30,1,0.446,,database,0.9927916360205745
2025-11-24 11:38:36+05:30,1,7.059,,database,0.9917987713442978
2025-11-24 11:40:14+05:30,1,98.591,,database,0.947008465599651
2025-11-24 11:41:50+05:30,1,95.747,,database,0.9486511319244535
2025-11-24 11:42:55+05:30,2,32.513,45.698897054524195,database,0.9732636928129477
2025-11-24 11:43:36+05:30,4,10.125499999999999,20.246333503460157,database,0.9440027987240228
2025-11-24 11:44:37+05:30,1,61.736,,database,0.9608757332386798
2025-11-24 11:44:38+05:30,1,0.143,,database,0.9902467488156871
2025-11-24 11:45:00+05:30,3,7.629333333333334,13.178900346134094,database,0.9716884820927914
2025-11-24 11:45:01+05:30,1,0.095,,database,0.656724381406741
2025-11-24 11:45:14+05:30,1,13.697,,database,0.9857871054545143
2025-11-24 11:46:52+05:30,1,97.313,,database,0.9469500792814131
2025-11-24 11:55:25+05:30,2,256.73949999999996,363.01518643233095,database,0.8622963295005693
2025-11-24 12:00:00+05:30,2,137.437,194.3624409447463,database,0.9134946026579529
2025-11-24 12:00:05+05:30,2,2.659,3.7603938623500595,database,0.9980102636256852
2025-11-24 12:00:14+05:30,1,8.516,,database,0.9909518240697404
2025-11-24 12:00:15+05:30,1,0.999,,database,0.9944087891635119
2025-11-24 12:00:16+05:30,1,1.57,,database,0.6583817071735153
2025-11-24 12:00:23+05:30,1,6.944,,database,0.9919410765385979
2025-11-24 12:00:33+05:30,2,4.7885,6.7705474298611925,database,0.9983053493032815
2025-11-24 12:00:41+05:30,2,4.008,5.617256269745933,database,0.999135015861755
2025-11-24 12:00:52+05:30,2,5.6825,8.03485435462274,database,0.9977368803051493
2025-11-24 12:01:36+05:30,2,21.928,30.959963307471796,database,0.982846418552461
2025-11-24 12:01:41+05:30,2,2.4685,3.489571965155612,database,0.9972442380105667
2025-11-24 12:01:47+05:30,2,3.108,4.39537575185558,database,0.9994136049075445
2025-11-24 12:02:00+05:30,2,6.181,8.737011388340981,database,0.99708545823922
2025-11-24 12:02:18+05:30,2,9.332,13.143700848695547,database,0.9939600649380473
2025-11-24 12:02:24+05:30,2,3.0355,4.282945773646919,database,0.9991961485776355
2025-11-24 12:02:30+05:30,2,2.8845,4.079299020665193,database,0.9987476767707815
2025-11-24 12:02:36+05:30,2,2.8499999999999996,4.0206091578267085,database,0.9987476306906876
2025-11-24 12:02:52+05:30,2,8.2665,11.639684725111758,database,0.9951475278440354
2025-11-24 12:03:41+05:30,2,24.444499999999998,34.56832921186675,database,0.9801400054792725
2025-11-24 12:05:14+05:30,1,92.594,,database,0.9494659876321138
2025-11-24 12:05:15+05:30,1,1.434,,database,0.9920684129040279
2025-11-24 12:12:35+05:30,1,439.801,,database,0.8542880627461971
2025-11-24 12:13:05+05:30,2,14.904,21.076024720046235,database,0.9859106833981292
2025-11-24 12:13:15+05:30,2,5.1305000000000005,7.206125207072106,database,0.9970435646838011
2025-11-24 12:13:22+05:30,2,3.4575,4.888229178342603,database,0.999082107392268
2025-11-24 12:13:27+05:30,2,2.5900000000000003,3.6613989129839433,database,0.9978831097134058
2025-11-24 12:13:33+05:30,2,2.7955,3.9520198000516142,database,0.9986005589736484
2025-11-24 12:13:38+05:30,2,2.777,3.9258568491477117,database,0.9982386742664202
2025-11-24 12:13:47+05:30,2,4.5095,6.3759818459591,database,0.9982608259876301
2025-11-24 12:15:26+05:30,2,49.417,69.88477739822886,database,0.9588010400131756
2025-11-24 12:15:39+05:30,2,6.4624999999999995,9.088443458590694,database,0.997693676122028
2025-11-24 12:15:46+05:30,2,3.249,4.579223514964082,database,0.9994137668025768
2025-11-24 12:15:51+05:30,2,2.8765,3.968990362800091,database,0.9987025294593144
2025-11-24 12:15:59+05:30,2,3.7095000000000002,5.188042453565699,database,0.9992992839125024
2025-11-24 12:16:04+05:30,2,2.6135,3.691804504574965,database,0.9980398758309482
2025-11-24 12:17:17+05:30,2,36.591,51.726275257358324,database,0.9690946580165193
2025-11-24 12:17:30+05:30,2,6.588,9.314010521789204,database,0.9974016743522539
2025-11-24 12:17:39+05:30,2,4.4765,6.276986896592981,database,0.9978494895806892
2025-11-24 12:17:45+05:30,2,2.9130000000000003,4.111118825818588,database,0.9988884793006876
2025-11-24 12:19:55+05:30,2,64.889,91.74993328607928,database,0.9453121419078093
2025-11-24 12:20:14+05:30,1,19.478,,database,0.9842911976065079
2025-11-24 12:20:19+05:30,1,4.19,,database,0.9905801545864193
2025-11-24 12:21:28+05:30,2,34.919500000000006,49.32281930810525,database,0.9702980157087518
2025-11-24 12:21:48+05:30,2,9.5445,13.493718705382886,database,0.9939603397931213
2025-11-24 12:25:14+05:30,1,206.141,,database,0.907968664622005
2025-11-24 12:25:15+05:30,1,1.503,,database,0.658381671206183
2025-11-24 12:25:19+05:30,2,1.8995,2.683470234602948,database,0.9961692477222202
2025-11-24 12:28:43+05:30,2,101.771,143.92451424270988,database,0.9292026980441932
2025-11-24 12:29:06+05:30,2,11.534500000000001,16.310832121630092,database,0.9918284759464644
2025-11-24 12:29:40+05:30,2,17.2485,24.391648417029955,database,0.9839093857969085
2025-11-24 12:30:14+05:30,1,34.162,,database,0.9770466712970166
2025-11-24 12:30:15+05:30,1,0.401,,database,0.9927916118239408
2025-11-24 12:31:13+05:30,2,29.0915,41.14017963621452,database,0.974575218776191
2025-11-24 12:32:03+05:30,2,25.2905,35.76616809919676,database,0.9786595792760028
2025-11-02 18:23:05+05:30,2,0.001008,,os,0.995658378138956
2025-11-02 18:23:19+05:30,1,14.432107,,os,0.985679799561931
2025-11-02 18:25:01+05:30,4,25.509616750000003,51.01680351182782,os,0.9273139578736335
2025-11-02 18:25:02+05:30,1,0.98524097,,os,0.9943500022085162
2025-11-02 18:25:03+05:30,1,0.847837698,,os,0.9939623476096145
2025-11-02 18:25:04+05:30,1,1.085297914,,os,0.9941352433341484
2025-11-02 18:25:05+05:30,1,1.104314019,,os,0.9941352535491044
2025-11-02 18:25:06+05:30,1,1.024510879,,os,0.994408802868961
2025-11-02 18:25:07+05:30,1,1.108386871,,os,0.9942626684116967
2025-11-02 18:25:08+05:30,1,0.997518238,,os,0.9944087883674354
2025-11-02 18:25:09+05:30,1,1.009093131,,os,0.994408794586001
2025-11-02 18:25:10+05:30,1,0.971016407,,os,0.9941200675426826
2025-11-02 18:25:11+05:30,1,0.81016765,,os,0.9935812589850218
2025-11-02 18:25:12+05:30,1,0.84315657,,os,0.9939623450941149
2025-11-02 18:25:13+05:30,1,0.812571674,,os,0.9935812602769379
2025-11-02 18:25:14+05:30,1,1.054564164,,os,0.9944088190141116
2025-11-02 18:25:15+05:30,1,0.925742392,,os,0.9941913869421398
2025-11-02 18:25:16+05:30,1,1.003428276,,os,0.9944087915425932
2025-11-02 18:25:17+05:30,1,1.163026589,,os,0.994244693526769
2025-11-02 18:25:18+05:30,1,0.899716891,,os,0.9942531114838227
2025-11-02 18:25:19+05:30,1,0.964153169,,os,0.9940582816868542
2025-11-02 18:25:20+05:30,1,1.102220455,,os,0.9941352524245103
2025-11-02 18:25:21+05:30,1,0.891519266,,os,0.9942531070789853
2025-11-02 18:25:22+05:30,2,0.873346272,0.06018088092521548,os,0.9979890209168657
2025-11-02 18:25:23+05:30,1,0.864488514,,os,0.9941087691640452
2025-11-02 18:25:24+05:30,1,1.17187906,,os,0.994244698281579
2025-11-02 18:25:26+05:30,1,1.123248151,,os,0.9940964038556398
2025-11-02 18:25:27+05:30,1,1.053361502,,os,0.9944088183680341
2025-11-02 18:25:28+05:30,1,1.148584236,,os,0.9941733621907677
2025-11-02 18:25:29+05:30,1,1.12146883,,os,0.9940964028998733
2025-11-02 18:25:30+05:30,1,0.874628023,,os,0.9941087746125251
2025-11-02 18:25:31+05:30,1,1.157023599,,os,0.9942446903024278
2025-11-02 18:25:32+05:30,1,1.015736896,,os,0.9944087981552897
2025-11-02 18:25:33+05:30,1,1.122976062,,os,0.9940964037094866
2025-11-02 18:25:34+05:30,1,1.158436519,,os,0.9942446910613416
2025-11-02 18:25:35+05:30,1,0.927201389,,os,0.9941913877260687
2025-11-02 18:25:36+05:30,1,0.844020769,,os,0.993962345558511
2025-11-02 18:25:37+05:30,1,0.891174065,,os,0.9942531068934969
2025-11-02 18:25:38+05:30,1,0.970843115,,os,0.9941200674495777
2025-11-02 18:25:39+05:30,2,0.563602953,0.2773506848158212,os,0.997625239490792
2025-11-02 18:25:40+05:30,1,1.144292233,,os,0.9941733598853902
2025-11-02 18:25:41+05:30,1,0.802780852,,os,0.9935812550153481
2025-11-02 18:25:42+05:30,1,1.004298921,,os,0.9944087920103434
2025-11-02 18:25:43+05:30,1,0.966964401,,os,0.9940582831972611
2025-11-02 18:25:44+05:30,1,0.888843124,,os,0.994253105641
2025-11-02 18:25:45+05:30,1,0.847946146,,os,0.9939623476678912
2025-11-02 18:37:52+05:30,24,30.30457787166667,148.43939276182076,os,0.7958458135260525
2025-11-02 18:37:53+05:30,2,0.505215605,0.49285454230152437,os,0.9972509571670506
2025-11-02 18:37:54+05:30,2,0.4880304985,0.27396895441297114,os,0.9976251972612785
2025-11-02 18:37:55+05:30,2,0.44095205600000004,0.5768057213587919,os,0.9965402798727597
2025-11-02 18:37:56+05:30,2,0.4824909725,0.673926269948019,os,0.996614069617069
2025-11-02 18:37:57+05:30,2,0.5005737015,0.44290581681945007,os,0.9972379325088007
2025-11-02 18:37:58+05:30,2,0.567542021,0.5781222226634999,os,0.9965403485558791
2025-11-02 18:37:59+05:30,2,0.535138023,0.29645606233367017,os,0.997625233226025
2025-11-02 18:38:00+05:30,2,0.5470432235,0.27217071540037635,os,0.9975626703147409
2025-11-02 18:38:01+05:30,2,0.441814324,0.1814162222921141,os,0.9976232640183884
2025-11-02 18:38:02+05:30,3,0.33885972966666666,0.3458665747217737,os,0.9779055575841946
2025-11-02 18:38:03+05:30,2,0.5391568794999999,0.22265600003977906,os,0.9975756184033288
2025-11-02 18:38:04+05:30,1,0.891420008,,os,0.9942531070256506
2025-11-02 18:38:05+05:30,2,0.507536597,0.5125751621159752,os,0.9972509677408311
2025-11-02 18:38:06+05:30,1,1.047776113,,os,0.994408815367514
2025-11-02 18:38:07+05:30,1,1.006654356,,os,0.9944087932757876
2025-11-02 18:38:08+05:30,1,0.904331669,,os,0.9942531139634622
2025-11-02 18:38:09+05:30,1,1.198501479,,os,0.993873841636678
2025-11-02 18:38:10+05:30,1,1.18616774,,os,0.9942447059561372
2025-11-02 18:38:11+05:30,1,1.023317381,,os,0.9944088022277784
2025-11-02 18:38:12+05:30,1,1.153054537,,os,0.9941733645918996
2025-11-02 18:38:13+05:30,1,0.875482843,,os,0.9941087750718602
2025-11-02 18:38:14+05:30,1,0.911548541,,os,0.9941913793156024
2025-11-02 18:38:15+05:30,1,1.080143131,,os,0.9940715018932657
2025-11-02 18:38:17+05:30,1,1.138664456,,os,0.9941733568625022
2025-11-02 18:38:18+05:30,1,1.142529716,,os,0.9941733589386795
2025-11-02 18:38:19+05:30,1,0.96180325,,os,0.9940582804242949
2025-11-02 18:38:20+05:30,1,1.155108039,,os,0.9942446892735314
2025-11-02 18:38:23+05:30,1,3.649391749,,os,0.9911330374107488
2025-11-02 18:40:09+05:30,3,35.125914,60.79265187709705,os,0.9456049404318477
2025-11-02 18:40:30+05:30,1,20.839041,,os,0.9836451149819609
2025-11-02 18:40:48+05:30,1,18.417783,,os,0.9840084779963486
2025-11-02 18:44:09+05:30,2,100.67284550000001,142.04336342448704,os,0.9292872267845785
2025-11-02 18:44:10+05:30,5,0.0856322,0.16875867786635448,os,0.9451269977151142
2025-11-02 18:44:15+05:30,4,1.21864225,2.3949684675532263,os,0.9588927955797605
2025-11-02 18:44:45+05:30,1,30.039614,,os,0.9784156488199983
2025-11-02 18:45:01+05:30,3,5.510274333333334,9.541186098866815,os,0.9743197292038467
2025-11-02 18:45:24+05:30,1,22.243137,,os,0.9828213842274137
